{
    "app_hash": "",
    "app_state": {
        "auth": {
            "accounts": [
                {
                    "@type": "/ethermint.types.v1.EthAccount",
                    "base_account": {
                        "account_number": "4",
                        "address": "haqq1q8zzfs4lhld73grhj393gh72mnz26p35tye6wr",
                        "pub_key": {
                            "@type": "/ethermint.crypto.v1.ethsecp256k1.PubKey",
                            "key": "AuPP1ccKVmvBPWkOSEbaSBvlKJoVA2EiinM2z29q+YCb"
                        },
                        "sequence": "6"
                    },
                    "code_hash": "0xc5d2460186f7233c927e7db2dcc703c0e500b653ca82273b7bfad8045d85a470"
                },
                {
                    "@type": "/ethermint.types.v1.EthAccount",
                    "base_account": {
                        "account_number": "5",
                        "address": "haqq1r9wlu4587py6n6nc676xa2up7a0dc49uwe7faq",
                        "pub_key": {
                            "@type": "/ethermint.crypto.v1.ethsecp256k1.PubKey",
                            "key": "AyTanpa/jlboSjQaxZ6K9G4quGZGlSEuhAjG01GXhBr9"
                        },
                        "sequence": "8"
                    },
                    "code_hash": "0xc5d2460186f7233c927e7db2dcc703c0e500b653ca82273b7bfad8045d85a470"
                },
                {
                    "@type": "/ethermint.types.v1.EthAccount",
                    "base_account": {
                        "account_number": "6",
                        "address": "haqq1rdhnz4gjf9uhv2yzvrrvzwl8xjpukt4t003uel",
                        "pub_key": {
                            "@type": "/ethermint.crypto.v1.ethsecp256k1.PubKey",
                            "key": "A8KGGaLvjv/8JKb/jjTtmfTxj9VK7d64ZnjMqB4r+jHV"
                        },
                        "sequence": "5"
                    },
                    "code_hash": "0xc5d2460186f7233c927e7db2dcc703c0e500b653ca82273b7bfad8045d85a470"
                },
                {
                    "@type": "/ethermint.types.v1.EthAccount",
                    "base_account": {
                        "account_number": "1",
                        "address": "haqq19hf6l3mpyh7a82988e33u8mduslc9hfrmtnwyx",
                        "pub_key": {
                            "@type": "/ethermint.crypto.v1.ethsecp256k1.PubKey",
                            "key": "A/oyyzhoXzv77+IEtA3q7GXhcs8acBvq2T8HZRR6/Noy"
                        },
                        "sequence": "6"
                    },
                    "code_hash": "0xc5d2460186f7233c927e7db2dcc703c0e500b653ca82273b7bfad8045d85a470"
                },
                {
                    "@type": "/ethermint.types.v1.EthAccount",
                    "base_account": {
                        "account_number": "8",
                        "address": "haqq1xl55xr7dndk2mrcadadctawk327dj8zw2dxz92",
                        "pub_key": null,
                        "sequence": "0"
                    },
                    "code_hash": "0xc5d2460186f7233c927e7db2dcc703c0e500b653ca82273b7bfad8045d85a470"
                },
                {
                    "@type": "/ethermint.types.v1.EthAccount",
                    "base_account": {
                        "account_number": "9",
                        "address": "haqq182u55ktklfaltx5xe2klupe6ehkv02kj0at839",
                        "pub_key": null,
                        "sequence": "1"
                    },
                    "code_hash": "0xc5d2460186f7233c927e7db2dcc703c0e500b653ca82273b7bfad8045d85a470"
                },
                {
                    "@type": "/cosmos.auth.v1beta1.ModuleAccount",
                    "base_account": {
                        "account_number": "16",
                        "address": "haqq1glht96kr2rseywuvhhay894qw7ekuc4qgrxfhs",
                        "pub_key": null,
                        "sequence": "0"
                    },
                    "name": "erc20",
                    "permissions": [
                        "minter",
                        "burner"
                    ]
                },
                {
                    "@type": "/cosmos.auth.v1beta1.ModuleAccount",
                    "base_account": {
                        "account_number": "13",
                        "address": "haqq1fl48vsnmsdzcv85q5d2q4z5ajdha8yu3huuu8p",
                        "pub_key": null,
                        "sequence": "0"
                    },
                    "name": "bonded_tokens_pool",
                    "permissions": [
                        "burner",
                        "staking"
                    ]
                },
                {
                    "@type": "/ethermint.types.v1.EthAccount",
                    "base_account": {
                        "account_number": "10",
                        "address": "haqq12yqzwxk05hd754pnahspstlnt3w9ds8q9vzhpx",
                        "pub_key": null,
                        "sequence": "0"
                    },
                    "code_hash": "0xc5d2460186f7233c927e7db2dcc703c0e500b653ca82273b7bfad8045d85a470"
                },
                {
                    "@type": "/ethermint.types.v1.EthAccount",
                    "base_account": {
                        "account_number": "0",
                        "address": "haqq12m8l8ztd0y6jyamqhjal3w5pq8e3ft240qpadq",
                        "pub_key": {
                            "@type": "/ethermint.crypto.v1.ethsecp256k1.PubKey",
                            "key": "A8eDwqxeNSpHG1s+NmiI8fRZkWj+mZsQEbXpANwiBn27"
                        },
                        "sequence": "6"
                    },
                    "code_hash": "0xc5d2460186f7233c927e7db2dcc703c0e500b653ca82273b7bfad8045d85a470"
                },
                {
                    "@type": "/ethermint.types.v1.EthAccount",
                    "base_account": {
                        "account_number": "19",
                        "address": "haqq1trhsqyewcye652amcease5huya99rvrw5ksf3g",
                        "pub_key": {
                            "@type": "/ethermint.crypto.v1.ethsecp256k1.PubKey",
                            "key": "Ai0a9yhEcttnsCJ73swoEb+BOrUjFO5T9vI3EZr1Cby8"
                        },
                        "sequence": "1"
                    },
                    "code_hash": "0xc5d2460186f7233c927e7db2dcc703c0e500b653ca82273b7bfad8045d85a470"
                },
                {
                    "@type": "/cosmos.auth.v1beta1.ModuleAccount",
                    "base_account": {
                        "account_number": "14",
                        "address": "haqq1tygms3xhhs3yv487phx3dw4a95jn7t7lruqd34",
                        "pub_key": null,
                        "sequence": "0"
                    },
                    "name": "not_bonded_tokens_pool",
                    "permissions": [
                        "burner",
                        "staking"
                    ]
                },
                {
                    "@type": "/cosmos.auth.v1beta1.ModuleAccount",
                    "base_account": {
                        "account_number": "17",
                        "address": "haqq1vqu8rska6swzdmnhf90zuv0xmelej4lq04s827",
                        "pub_key": null,
                        "sequence": "0"
                    },
                    "name": "evm",
                    "permissions": [
                        "minter",
                        "burner"
                    ]
                },
                {
                    "@type": "/ethermint.types.v1.EthAccount",
                    "base_account": {
                        "account_number": "2",
                        "address": "haqq1d5eu9lgqs9vtye8734w3lwxc4ma0xwmes50cah",
                        "pub_key": {
                            "@type": "/ethermint.crypto.v1.ethsecp256k1.PubKey",
                            "key": "AqZHx3sW3VipZfhDO8gPlD5KtsZBXklUIiG8tCZYbe1b"
                        },
                        "sequence": "5"
                    },
                    "code_hash": "0xc5d2460186f7233c927e7db2dcc703c0e500b653ca82273b7bfad8045d85a470"
                },
                {
                    "@type": "/cosmos.auth.v1beta1.ModuleAccount",
                    "base_account": {
                        "account_number": "15",
                        "address": "haqq10d07y265gmmuvt4z0w9aw880jnsr700jc9xkg9",
                        "pub_key": null,
                        "sequence": "0"
                    },
                    "name": "gov",
                    "permissions": [
                        "burner"
                    ]
                },
                {
                    "@type": "/cosmos.auth.v1beta1.ModuleAccount",
                    "base_account": {
                        "account_number": "12",
                        "address": "haqq1jv65s3grqf6v6jl3dp4t6c9t9rk99cd89c30hf",
                        "pub_key": null,
                        "sequence": "0"
                    },
                    "name": "distribution",
                    "permissions": []
                },
                {
                    "@type": "/ethermint.types.v1.EthAccount",
                    "base_account": {
                        "account_number": "7",
                        "address": "haqq1cq27zcup47hygg8jvsd6yj2k04xtqwut95d6pu",
                        "pub_key": null,
                        "sequence": "1"
                    },
                    "code_hash": "0xc5d2460186f7233c927e7db2dcc703c0e500b653ca82273b7bfad8045d85a470"
                },
                {
                    "@type": "/ethermint.types.v1.EthAccount",
                    "base_account": {
                        "account_number": "3",
                        "address": "haqq1mnsea3y7ftxdr093ul8f0mnjjn0muntnrs7rwd",
                        "pub_key": {
                            "@type": "/ethermint.crypto.v1.ethsecp256k1.PubKey",
                            "key": "A6JBAcHhyfuJAUTO5SmybKDYO0Vs+C0RWK61k1mCOL37"
                        },
                        "sequence": "8"
                    },
                    "code_hash": "0xc5d2460186f7233c927e7db2dcc703c0e500b653ca82273b7bfad8045d85a470"
                },
                {
                    "@type": "/ethermint.types.v1.EthAccount",
                    "base_account": {
                        "account_number": "18",
                        "address": "haqq1us97z867034u8y9ufjhszwpzn2pw7enystsp4h",
                        "pub_key": null,
                        "sequence": "0"
                    },
                    "code_hash": "0xc5d2460186f7233c927e7db2dcc703c0e500b653ca82273b7bfad8045d85a470"
                },
                {
                    "@type": "/cosmos.auth.v1beta1.ModuleAccount",
                    "base_account": {
                        "account_number": "11",
                        "address": "haqq17xpfvakm2amg962yls6f84z3kell8c5lj7kn4t",
                        "pub_key": null,
                        "sequence": "0"
                    },
                    "name": "fee_collector",
                    "permissions": []
                }
            ],
            "params": {
                "max_memo_characters": "256",
                "sig_verify_cost_ed25519": "590",
                "sig_verify_cost_secp256k1": "1000",
                "tx_sig_limit": "7",
                "tx_size_cost_per_byte": "10"
            }
        },
        "authz": {
            "authorization": []
        },
        "bank": {
            "balances": [
                {
                    "address": "haqq1q8zzfs4lhld73grhj393gh72mnz26p35tye6wr",
                    "coins": [
                        {
                            "amount": "999999999990000000",
                            "denom": "aISLM"
                        }
                    ]
                },
                {
                    "address": "haqq1r9wlu4587py6n6nc676xa2up7a0dc49uwe7faq",
                    "coins": [
                        {
                            "amount": "999999999990000000",
                            "denom": "aISLM"
                        }
                    ]
                },
                {
                    "address": "haqq1rdhnz4gjf9uhv2yzvrrvzwl8xjpukt4t003uel",
                    "coins": [
                        {
                            "amount": "999999999990000000",
                            "denom": "aISLM"
                        }
                    ]
                },
                {
                    "address": "haqq19hf6l3mpyh7a82988e33u8mduslc9hfrmtnwyx",
                    "coins": [
                        {
                            "amount": "999999999990000000",
                            "denom": "aISLM"
                        }
                    ]
                },
                {
                    "address": "haqq1xl55xr7dndk2mrcadadctawk327dj8zw2dxz92",
                    "coins": [
                        {
                            "amount": "4000000000000000000000000000",
                            "denom": "aISLM"
                        }
                    ]
                },
                {
                    "address": "haqq182u55ktklfaltx5xe2klupe6ehkv02kj0at839",
                    "coins": [
                        {
                            "amount": "5499998922999968499999853000",
                            "denom": "aISLM"
                        }
                    ]
                },
                {
                    "address": "haqq1fl48vsnmsdzcv85q5d2q4z5ajdha8yu3huuu8p",
                    "coins": [
                        {
                            "amount": "69810000000000000000",
                            "denom": "aISLM"
                        }
                    ]
                },
                {
                    "address": "haqq12yqzwxk05hd754pnahspstlnt3w9ds8q9vzhpx",
                    "coins": [
                        {
                            "amount": "3000000000000000000000000000",
                            "denom": "aISLM"
                        }
                    ]
                },
                {
                    "address": "haqq12m8l8ztd0y6jyamqhjal3w5pq8e3ft240qpadq",
                    "coins": [
                        {
                            "amount": "999999999990000000",
                            "denom": "aISLM"
                        }
                    ]
                },
                {
                    "address": "haqq1trhsqyewcye652amcease5huya99rvrw5ksf3g",
                    "coins": [
                        {
                            "amount": "999999999999999995304",
                            "denom": "aISLM"
                        }
                    ]
                },
                {
                    "address": "haqq1d5eu9lgqs9vtye8734w3lwxc4ma0xwmes50cah",
                    "coins": [
                        {
                            "amount": "999999999990000000",
                            "denom": "aISLM"
                        }
                    ]
                },
                {
                    "address": "haqq1jv65s3grqf6v6jl3dp4t6c9t9rk99cd89c30hf",
                    "coins": [
                        {
                            "amount": "2000000000190031500070298696",
                            "denom": "aISLM"
                        }
                    ]
                },
                {
                    "address": "haqq1cq27zcup47hygg8jvsd6yj2k04xtqwut95d6pu",
                    "coins": [
                        {
                            "amount": "5499999998999999999999853000",
                            "denom": "aISLM"
                        }
                    ]
                },
                {
                    "address": "haqq1mnsea3y7ftxdr093ul8f0mnjjn0muntnrs7rwd",
                    "coins": [
                        {
                            "amount": "999999999990000000",
                            "denom": "aISLM"
                        }
                    ]
                },
                {
                    "address": "haqq1us97z867034u8y9ufjhszwpzn2pw7enystsp4h",
                    "coins": [
                        {
                            "amount": "1000000000000000000",
                            "denom": "aISLM"
                        }
                    ]
                }
            ],
            "denom_metadata": [],
            "params": {
                "default_send_enabled": true,
                "send_enabled": []
            },
            "supply": [
                {
                    "amount": "20000000000000000000000000000",
                    "denom": "aISLM"
                }
            ]
        },
        "capability": {
            "index": "1",
            "owners": []
        },
        "crisis": {
            "constant_fee": {
                "amount": "1000",
                "denom": "aISLM"
            }
        },
        "distribution": {
            "delegator_starting_infos": [
                {
                    "delegator_address": "haqq1q8zzfs4lhld73grhj393gh72mnz26p35tye6wr",
                    "starting_info": {
                        "height": "0",
                        "previous_period": "1",
                        "stake": "10000000000000000000.000000000000000000"
                    },
                    "validator_address": "haqqvaloper1q8zzfs4lhld73grhj393gh72mnz26p358x452z"
                },
                {
                    "delegator_address": "haqq1r9wlu4587py6n6nc676xa2up7a0dc49uwe7faq",
                    "starting_info": {
                        "height": "0",
                        "previous_period": "1",
                        "stake": "10000000000000000000.000000000000000000"
                    },
                    "validator_address": "haqqvaloper1r9wlu4587py6n6nc676xa2up7a0dc49uzmj8ep"
                },
                {
                    "delegator_address": "haqq1rdhnz4gjf9uhv2yzvrrvzwl8xjpukt4t003uel",
                    "starting_info": {
                        "height": "0",
                        "previous_period": "1",
                        "stake": "10000000000000000000.000000000000000000"
                    },
                    "validator_address": "haqqvaloper1rdhnz4gjf9uhv2yzvrrvzwl8xjpukt4trdaja7"
                },
                {
                    "delegator_address": "haqq19hf6l3mpyh7a82988e33u8mduslc9hfrmtnwyx",
                    "starting_info": {
                        "height": "0",
                        "previous_period": "1",
                        "stake": "10000000000000000000.000000000000000000"
                    },
                    "validator_address": "haqqvaloper19hf6l3mpyh7a82988e33u8mduslc9hfrhflqq8"
                },
                {
                    "delegator_address": "haqq12m8l8ztd0y6jyamqhjal3w5pq8e3ft240qpadq",
                    "starting_info": {
                        "height": "0",
                        "previous_period": "1",
                        "stake": "10000000000000000000.000000000000000000"
                    },
                    "validator_address": "haqqvaloper12m8l8ztd0y6jyamqhjal3w5pq8e3ft24rzdnfp"
                },
                {
                    "delegator_address": "haqq1d5eu9lgqs9vtye8734w3lwxc4ma0xwmes50cah",
                    "starting_info": {
                        "height": "0",
                        "previous_period": "1",
                        "stake": "10000000000000000000.000000000000000000"
                    },
                    "validator_address": "haqqvaloper1d5eu9lgqs9vtye8734w3lwxc4ma0xwmeukrkek"
                },
                {
                    "delegator_address": "haqq1mnsea3y7ftxdr093ul8f0mnjjn0muntnrs7rwd",
                    "starting_info": {
                        "height": "0",
                        "previous_period": "1",
                        "stake": "10000000000000000000.000000000000000000"
                    },
                    "validator_address": "haqqvaloper1mnsea3y7ftxdr093ul8f0mnjjn0muntn0jjd2v"
                }
            ],
            "delegator_withdraw_infos": [],
            "fee_pool": {
                "community_pool": [
                    {
                        "amount": "2000000000190003150070029869.600160650001523351",
                        "denom": "aISLM"
                    }
                ]
            },
            "outstanding_rewards": [
                {
                    "outstanding_rewards": [
                        {
                            "amount": "3880434819404.579684146014246221",
                            "denom": "aISLM"
                        }
                    ],
                    "validator_address": "haqqvaloper1q8zzfs4lhld73grhj393gh72mnz26p358x452z"
                },
                {
                    "outstanding_rewards": [
                        {
                            "amount": "3492391337464.121734473912999323",
                            "denom": "aISLM"
                        }
                    ],
                    "validator_address": "haqqvaloper1r9wlu4587py6n6nc676xa2up7a0dc49uzmj8ep"
                },
                {
                    "outstanding_rewards": [
                        {
                            "amount": "3880434819404.579684146014246221",
                            "denom": "aISLM"
                        }
                    ],
                    "validator_address": "haqqvaloper1rdhnz4gjf9uhv2yzvrrvzwl8xjpukt4trdaja7"
                },
                {
                    "outstanding_rewards": [
                        {
                            "amount": "3880434819404.579684146014246221",
                            "denom": "aISLM"
                        }
                    ],
                    "validator_address": "haqqvaloper19hf6l3mpyh7a82988e33u8mduslc9hfrhflqq8"
                },
                {
                    "outstanding_rewards": [
                        {
                            "amount": "3880434826754.579684146014246221",
                            "denom": "aISLM"
                        }
                    ],
                    "validator_address": "haqqvaloper12m8l8ztd0y6jyamqhjal3w5pq8e3ft24rzdnfp"
                },
                {
                    "outstanding_rewards": [
                        {
                            "amount": "3880434819639.379684146014246221",
                            "denom": "aISLM"
                        }
                    ],
                    "validator_address": "haqqvaloper1d5eu9lgqs9vtye8734w3lwxc4ma0xwmeukrkek"
                },
                {
                    "outstanding_rewards": [
                        {
                            "amount": "5455434826754.579684146014246221",
                            "denom": "aISLM"
                        }
                    ],
                    "validator_address": "haqqvaloper1mnsea3y7ftxdr093ul8f0mnjjn0muntn0jjd2v"
                }
            ],
            "params": {
                "base_proposer_reward": "0.010000000000000000",
                "bonus_proposer_reward": "0.040000000000000000",
                "community_tax": "0.100000000000000000",
                "withdraw_addr_enabled": true
            },
            "previous_proposer": "haqqvalcons14z96e84axl8gums5r3dr2pydmv352fxdedmmuc",
            "validator_accumulated_commissions": [
                {
                    "accumulated": {
                        "commission": [
                            {
                                "amount": "388043481940.457968414601424622",
                                "denom": "aISLM"
                            }
                        ]
                    },
                    "validator_address": "haqqvaloper1q8zzfs4lhld73grhj393gh72mnz26p358x452z"
                },
                {
                    "accumulated": {
                        "commission": [
                            {
                                "amount": "349239133746.412173447391299932",
                                "denom": "aISLM"
                            }
                        ]
                    },
                    "validator_address": "haqqvaloper1r9wlu4587py6n6nc676xa2up7a0dc49uzmj8ep"
                },
                {
                    "accumulated": {
                        "commission": [
                            {
                                "amount": "388043481940.457968414601424622",
                                "denom": "aISLM"
                            }
                        ]
                    },
                    "validator_address": "haqqvaloper1rdhnz4gjf9uhv2yzvrrvzwl8xjpukt4trdaja7"
                },
                {
                    "accumulated": {
                        "commission": [
                            {
                                "amount": "388043481940.457968414601424622",
                                "denom": "aISLM"
                            }
                        ]
                    },
                    "validator_address": "haqqvaloper19hf6l3mpyh7a82988e33u8mduslc9hfrhflqq8"
                },
                {
                    "accumulated": {
                        "commission": [
                            {
                                "amount": "388043482675.457968414601424622",
                                "denom": "aISLM"
                            }
                        ]
                    },
                    "validator_address": "haqqvaloper12m8l8ztd0y6jyamqhjal3w5pq8e3ft24rzdnfp"
                },
                {
                    "accumulated": {
                        "commission": [
                            {
                                "amount": "388043481963.937968414601424622",
                                "denom": "aISLM"
                            }
                        ]
                    },
                    "validator_address": "haqqvaloper1d5eu9lgqs9vtye8734w3lwxc4ma0xwmeukrkek"
                },
                {
                    "accumulated": {
                        "commission": [
                            {
                                "amount": "545543482675.457968414601424622",
                                "denom": "aISLM"
                            }
                        ]
                    },
                    "validator_address": "haqqvaloper1mnsea3y7ftxdr093ul8f0mnjjn0muntn0jjd2v"
                }
            ],
            "validator_current_rewards": [
                {
                    "rewards": {
                        "period": "2",
                        "rewards": [
                            {
                                "amount": "3492391337464.121715731412821599",
                                "denom": "aISLM"
                            }
                        ]
                    },
                    "validator_address": "haqqvaloper1q8zzfs4lhld73grhj393gh72mnz26p358x452z"
                },
                {
                    "rewards": {
                        "period": "4",
                        "rewards": [
                            {
                                "amount": "3143152203717.709561026521699391",
                                "denom": "aISLM"
                            }
                        ]
                    },
                    "validator_address": "haqqvaloper1r9wlu4587py6n6nc676xa2up7a0dc49uzmj8ep"
                },
                {
                    "rewards": {
                        "period": "2",
                        "rewards": [
                            {
                                "amount": "3492391337464.121715731412821599",
                                "denom": "aISLM"
                            }
                        ]
                    },
                    "validator_address": "haqqvaloper1rdhnz4gjf9uhv2yzvrrvzwl8xjpukt4trdaja7"
                },
                {
                    "rewards": {
                        "period": "2",
                        "rewards": [
                            {
                                "amount": "3492391337464.121715731412821599",
                                "denom": "aISLM"
                            }
                        ]
                    },
                    "validator_address": "haqqvaloper19hf6l3mpyh7a82988e33u8mduslc9hfrhflqq8"
                },
                {
                    "rewards": {
                        "period": "2",
                        "rewards": [
                            {
                                "amount": "3492391344079.121715731412821599",
                                "denom": "aISLM"
                            }
                        ]
                    },
                    "validator_address": "haqqvaloper12m8l8ztd0y6jyamqhjal3w5pq8e3ft24rzdnfp"
                },
                {
                    "rewards": {
                        "period": "2",
                        "rewards": [
                            {
                                "amount": "3492391337675.441715731412821599",
                                "denom": "aISLM"
                            }
                        ]
                    },
                    "validator_address": "haqqvaloper1d5eu9lgqs9vtye8734w3lwxc4ma0xwmeukrkek"
                },
                {
                    "rewards": {
                        "period": "2",
                        "rewards": [
                            {
                                "amount": "4909891344079.121715731412821599",
                                "denom": "aISLM"
                            }
                        ]
                    },
                    "validator_address": "haqqvaloper1mnsea3y7ftxdr093ul8f0mnjjn0muntn0jjd2v"
                }
            ],
            "validator_historical_rewards": [
                {
                    "period": "1",
                    "rewards": {
                        "cumulative_reward_ratio": [],
                        "reference_count": 2
                    },
                    "validator_address": "haqqvaloper1q8zzfs4lhld73grhj393gh72mnz26p358x452z"
                },
                {
                    "period": "1",
                    "rewards": {
                        "cumulative_reward_ratio": [],
                        "reference_count": 1
                    },
                    "validator_address": "haqqvaloper1r9wlu4587py6n6nc676xa2up7a0dc49uzmj8ep"
                },
                {
                    "period": "2",
                    "rewards": {
                        "cumulative_reward_ratio": [],
                        "reference_count": 1
                    },
                    "validator_address": "haqqvaloper1r9wlu4587py6n6nc676xa2up7a0dc49uzmj8ep"
                },
                {
                    "period": "3",
                    "rewards": {
                        "cumulative_reward_ratio": [],
                        "reference_count": 2
                    },
                    "validator_address": "haqqvaloper1r9wlu4587py6n6nc676xa2up7a0dc49uzmj8ep"
                },
                {
                    "period": "1",
                    "rewards": {
                        "cumulative_reward_ratio": [],
                        "reference_count": 2
                    },
                    "validator_address": "haqqvaloper1rdhnz4gjf9uhv2yzvrrvzwl8xjpukt4trdaja7"
                },
                {
                    "period": "1",
                    "rewards": {
                        "cumulative_reward_ratio": [],
                        "reference_count": 2
                    },
                    "validator_address": "haqqvaloper19hf6l3mpyh7a82988e33u8mduslc9hfrhflqq8"
                },
                {
                    "period": "1",
                    "rewards": {
                        "cumulative_reward_ratio": [],
                        "reference_count": 2
                    },
                    "validator_address": "haqqvaloper12m8l8ztd0y6jyamqhjal3w5pq8e3ft24rzdnfp"
                },
                {
                    "period": "1",
                    "rewards": {
                        "cumulative_reward_ratio": [],
                        "reference_count": 2
                    },
                    "validator_address": "haqqvaloper1d5eu9lgqs9vtye8734w3lwxc4ma0xwmeukrkek"
                },
                {
                    "period": "1",
                    "rewards": {
                        "cumulative_reward_ratio": [],
                        "reference_count": 2
                    },
                    "validator_address": "haqqvaloper1mnsea3y7ftxdr093ul8f0mnjjn0muntn0jjd2v"
                }
            ],
            "validator_slash_events": [
                {
                    "height": "124",
                    "period": "2",
                    "validator_address": "haqqvaloper1r9wlu4587py6n6nc676xa2up7a0dc49uzmj8ep",
                    "validator_slash_event": {
                        "fraction": "0.010000000000000000",
                        "validator_period": "2"
                    }
                },
                {
                    "height": "679",
                    "period": "3",
                    "validator_address": "haqqvaloper1r9wlu4587py6n6nc676xa2up7a0dc49uzmj8ep",
                    "validator_slash_event": {
                        "fraction": "0.009090909090909091",
                        "validator_period": "3"
                    }
                }
            ]
        },
        "epochs": {
            "epochs": [
                {
                    "current_epoch": "27",
                    "current_epoch_start_height": "10383",
                    "current_epoch_start_time": "2022-07-12T07:37:42.067572453Z",
                    "duration": "86400s",
                    "epoch_counting_started": true,
                    "identifier": "day",
                    "start_time": "2022-06-16T07:37:42.067572453Z"
                },
                {
                    "current_epoch": "4",
                    "current_epoch_start_height": "4",
                    "current_epoch_start_time": "2022-07-07T07:37:42.067572453Z",
                    "duration": "604800s",
                    "epoch_counting_started": true,
                    "identifier": "week",
                    "start_time": "2022-06-16T07:37:42.067572453Z"
                }
            ]
        },
        "erc20": {
            "params": {
                "enable_erc20": true,
                "enable_evm_hook": true
            },
            "token_pairs": []
        },
        "evidence": {
            "evidence": []
        },
        "evm": {
            "accounts": [
                {
                    "address": "0x01C424c2BfbfDbe8A077944b145fcaDCC4AD0634",
                    "code": "",
                    "storage": []
                },
                {
                    "address": "0x195dfE5687f049a9EA78D7B46EaB81f75eDC54bc",
                    "code": "",
                    "storage": []
                },
                {
                    "address": "0x1b6f315512497976288260c6c13be73483cB2eaB",
                    "code": "",
                    "storage": []
                },
                {
                    "address": "0x2dD3aFc76125fdd3a8a73e631e1F6dE43F82dD23",
                    "code": "",
                    "storage": []
                },
                {
                    "address": "0x37E9430Fcd9B6Cad8F1d6F5B85F5D68AbCD91c4e",
                    "code": "",
                    "storage": []
                },
                {
                    "address": "0x3aB94A5976Fa7Bf59A86caadFe073aCdeCC7AAd2",
                    "code": "",
                    "storage": []
                },
                {
                    "address": "0x5100271ACFA5dBEA5433eDE0182fF35C5c56c0e0",
                    "code": "",
                    "storage": []
                },
                {
                    "address": "0x56Cff3896d7935227760BCBbf8Ba8101f314aD55",
                    "code": "",
                    "storage": []
                },
                {
                    "address": "0x58Ef00132EC133AA2bBBc67b0cd2FC274A51b06e",
                    "code": "",
                    "storage": []
                },
                {
                    "address": "0x6d33C2FD008158b264FE8d5d1fB8d8aEFaf33B79",
                    "code": "",
                    "storage": []
                },
                {
                    "address": "0xc015E16381aFAE4420f2641ba249567D4cb03b8B",
                    "code": "",
                    "storage": []
                },
                {
                    "address": "0xDcE19ec49E4Accd1BCB1E7CE97eE7294Dfbe4d73",
                    "code": "",
                    "storage": []
                },
                {
                    "address": "0xe40be11F5e7C6bC390bC4caf0138229a82eF6664",
                    "code": "",
                    "storage": []
                }
            ],
            "params": {
                "chain_config": {
                    "arrow_glacier_block": "0",
                    "berlin_block": "0",
                    "byzantium_block": "0",
                    "constantinople_block": "0",
                    "dao_fork_block": "0",
                    "dao_fork_support": true,
                    "eip150_block": "0",
                    "eip150_hash": "0x0000000000000000000000000000000000000000000000000000000000000000",
                    "eip155_block": "0",
                    "eip158_block": "0",
                    "homestead_block": "0",
                    "istanbul_block": "0",
                    "london_block": "0",
                    "merge_fork_block": "0",
                    "muir_glacier_block": "0",
                    "petersburg_block": "0"
                },
                "enable_call": true,
                "enable_create": true,
                "evm_denom": "aISLM",
                "extra_eips": []
            }
        },
        "feegrant": {
            "allowances": []
        },
        "feemarket": {
            "block_gas": "0",
            "params": {
                "base_fee": "7",
                "base_fee_change_denominator": 8,
                "elasticity_multiplier": 2,
                "enable_height": "0",
                "no_base_fee": false
            }
        },
        "genutil": {
            "gen_txs": []
        },
        "gov": {
            "deposit_params": {
                "max_deposit_period": "172800s",
                "min_deposit": [
                    {
                        "amount": "10000000",
                        "denom": "aISLM"
                    }
                ]
            },
            "deposits": [],
            "proposals": [
                {
                    "content": {
                        "@type": "/cosmos.params.v1beta1.ParameterChangeProposal",
                        "changes": [
                            {
                                "key": "votingparams",
                                "subspace": "gov",
                                "value": "{\"voting_period\": \"1800000000000\"}"
                            }
                        ],
                        "description": "Decreased voting period will allow us to upgrade network more quickly. It's safe to have short voting period while network is run by core team",
                        "title": "Decrease voting period"
                    },
                    "deposit_end_time": "2022-07-13T15:50:49.383206217Z",
                    "final_tally_result": {
                        "abstain": "0",
                        "no": "0",
                        "no_with_veto": "0",
                        "yes": "0"
                    },
                    "proposal_id": "1",
                    "status": "PROPOSAL_STATUS_REJECTED",
                    "submit_time": "2022-07-11T15:50:49.383206217Z",
                    "total_deposit": [
                        {
                            "amount": "70000000",
                            "denom": "aISLM"
                        }
                    ],
                    "voting_end_time": "2022-07-11T16:00:49.383206217Z",
                    "voting_start_time": "2022-07-11T15:50:49.383206217Z"
                },
                {
                    "content": {
                        "@type": "/cosmos.upgrade.v1beta1.SoftwareUpgradeProposal",
                        "description": "upgrade",
                        "plan": {
                            "height": "1143",
                            "info": "",
                            "name": "v1.0.2",
                            "time": "0001-01-01T00:00:00Z",
                            "upgraded_client_state": null
                        },
                        "title": "upgrade"
                    },
                    "deposit_end_time": "2022-07-13T16:38:11.191376252Z",
                    "final_tally_result": {
                        "abstain": "0",
                        "no": "0",
                        "no_with_veto": "0",
                        "yes": "69810000000000000000"
                    },
                    "proposal_id": "2",
                    "status": "PROPOSAL_STATUS_PASSED",
                    "submit_time": "2022-07-11T16:38:11.191376252Z",
                    "total_deposit": [
                        {
                            "amount": "10000000",
                            "denom": "aISLM"
                        }
                    ],
                    "voting_end_time": "2022-07-11T16:48:39.289877275Z",
                    "voting_start_time": "2022-07-11T16:38:39.289877275Z"
                },
                {
                    "content": {
                        "@type": "/cosmos.upgrade.v1beta1.SoftwareUpgradeProposal",
                        "description": "upgrade",
                        "plan": {
                            "height": "1928",
                            "info": "",
                            "name": "v1.0.3",
                            "time": "0001-01-01T00:00:00Z",
                            "upgraded_client_state": null
                        },
                        "title": "upgrade"
                    },
                    "deposit_end_time": "2022-07-13T17:52:12.900772550Z",
                    "final_tally_result": {
                        "abstain": "0",
                        "no": "0",
                        "no_with_veto": "0",
                        "yes": "69810000000000000000"
                    },
                    "proposal_id": "3",
                    "status": "PROPOSAL_STATUS_PASSED",
                    "submit_time": "2022-07-11T17:52:12.900772550Z",
                    "total_deposit": [
                        {
                            "amount": "10000000",
                            "denom": "aISLM"
                        }
                    ],
                    "voting_end_time": "2022-07-11T18:02:46.565996611Z",
                    "voting_start_time": "2022-07-11T17:52:46.565996611Z"
                }
            ],
            "starting_proposal_id": "4",
            "tally_params": {
                "quorum": "0.334000000000000000",
                "threshold": "0.500000000000000000",
                "veto_threshold": "0.334000000000000000"
            },
            "votes": [],
            "voting_params": {
                "voting_period": "600s"
            }
        },
        "params": null,
        "slashing": {
            "missed_blocks": [
                {
                    "address": "haqqvalcons1z63t3thw3efxe5zqcyhjy0xxfk93j34zp3mncy",
                    "missed_blocks": []
                },
                {
                    "address": "haqqvalcons1ymawjay5cx08lqq3ppg9wz7w0rgt8lerxq7gte",
                    "missed_blocks": []
                },
                {
                    "address": "haqqvalcons1f94xpwncef4cky68z766atuh49g3mxq95cjfy4",
                    "missed_blocks": []
                },
                {
                    "address": "haqqvalcons1d8pzl3zznqluy2r0w9lx3sj4f4dxwvsqm5sazm",
                    "missed_blocks": []
                },
                {
                    "address": "haqqvalcons1d5p4l78eehehfm9jdvrjar8n25wpqxm4hjtnq6",
                    "missed_blocks": []
                },
                {
                    "address": "haqqvalcons14z96e84axl8gums5r3dr2pydmv352fxdedmmuc",
                    "missed_blocks": []
                },
                {
                    "address": "haqqvalcons1kmhfu7cnsy0kmrmhjy5zyhss74s6svcuf6jan8",
                    "missed_blocks": [
                        {
                            "index": "0",
                            "missed": false
                        },
                        {
                            "index": "1",
                            "missed": false
                        }
                    ]
                }
            ],
            "params": {
                "downtime_jail_duration": "600s",
                "min_signed_per_window": "0.500000000000000000",
                "signed_blocks_window": "100",
                "slash_fraction_double_sign": "0.050000000000000000",
                "slash_fraction_downtime": "0.010000000000000000"
            },
            "signing_infos": [
                {
                    "address": "haqqvalcons1z63t3thw3efxe5zqcyhjy0xxfk93j34zp3mncy",
                    "validator_signing_info": {
                        "address": "haqqvalcons1z63t3thw3efxe5zqcyhjy0xxfk93j34zp3mncy",
                        "index_offset": "13551",
                        "jailed_until": "1970-01-01T00:00:00Z",
                        "missed_blocks_counter": "0",
                        "start_height": "0",
                        "tombstoned": false
                    }
                },
                {
                    "address": "haqqvalcons1ymawjay5cx08lqq3ppg9wz7w0rgt8lerxq7gte",
                    "validator_signing_info": {
                        "address": "haqqvalcons1ymawjay5cx08lqq3ppg9wz7w0rgt8lerxq7gte",
                        "index_offset": "13551",
                        "jailed_until": "1970-01-01T00:00:00Z",
                        "missed_blocks_counter": "0",
                        "start_height": "0",
                        "tombstoned": false
                    }
                },
                {
                    "address": "haqqvalcons1f94xpwncef4cky68z766atuh49g3mxq95cjfy4",
                    "validator_signing_info": {
                        "address": "haqqvalcons1f94xpwncef4cky68z766atuh49g3mxq95cjfy4",
                        "index_offset": "13551",
                        "jailed_until": "1970-01-01T00:00:00Z",
                        "missed_blocks_counter": "0",
                        "start_height": "0",
                        "tombstoned": false
                    }
                },
                {
                    "address": "haqqvalcons1d8pzl3zznqluy2r0w9lx3sj4f4dxwvsqm5sazm",
                    "validator_signing_info": {
                        "address": "haqqvalcons1d8pzl3zznqluy2r0w9lx3sj4f4dxwvsqm5sazm",
                        "index_offset": "13551",
                        "jailed_until": "1970-01-01T00:00:00Z",
                        "missed_blocks_counter": "0",
                        "start_height": "0",
                        "tombstoned": false
                    }
                },
                {
                    "address": "haqqvalcons1d5p4l78eehehfm9jdvrjar8n25wpqxm4hjtnq6",
                    "validator_signing_info": {
                        "address": "haqqvalcons1d5p4l78eehehfm9jdvrjar8n25wpqxm4hjtnq6",
                        "index_offset": "13551",
                        "jailed_until": "1970-01-01T00:00:00Z",
                        "missed_blocks_counter": "0",
                        "start_height": "0",
                        "tombstoned": false
                    }
                },
                {
                    "address": "haqqvalcons14z96e84axl8gums5r3dr2pydmv352fxdedmmuc",
                    "validator_signing_info": {
                        "address": "haqqvalcons14z96e84axl8gums5r3dr2pydmv352fxdedmmuc",
                        "index_offset": "13551",
                        "jailed_until": "1970-01-01T00:00:00Z",
                        "missed_blocks_counter": "0",
                        "start_height": "0",
                        "tombstoned": false
                    }
                },
                {
                    "address": "haqqvalcons1kmhfu7cnsy0kmrmhjy5zyhss74s6svcuf6jan8",
                    "validator_signing_info": {
                        "address": "haqqvalcons1kmhfu7cnsy0kmrmhjy5zyhss74s6svcuf6jan8",
                        "index_offset": "12765",
                        "jailed_until": "2022-07-11T16:40:53.533552591Z",
                        "missed_blocks_counter": "0",
                        "start_height": "0",
                        "tombstoned": false
                    }
                }
            ]
        },
        "staking": {
            "delegations": [
                {
                    "delegator_address": "haqq1q8zzfs4lhld73grhj393gh72mnz26p35tye6wr",
                    "shares": "10000000000000000000.000000000000000000",
                    "validator_address": "haqqvaloper1q8zzfs4lhld73grhj393gh72mnz26p358x452z"
                },
                {
                    "delegator_address": "haqq1r9wlu4587py6n6nc676xa2up7a0dc49uwe7faq",
                    "shares": "10000000000000000000.000000000000000000",
                    "validator_address": "haqqvaloper1r9wlu4587py6n6nc676xa2up7a0dc49uzmj8ep"
                },
                {
                    "delegator_address": "haqq1rdhnz4gjf9uhv2yzvrrvzwl8xjpukt4t003uel",
                    "shares": "10000000000000000000.000000000000000000",
                    "validator_address": "haqqvaloper1rdhnz4gjf9uhv2yzvrrvzwl8xjpukt4trdaja7"
                },
                {
                    "delegator_address": "haqq19hf6l3mpyh7a82988e33u8mduslc9hfrmtnwyx",
                    "shares": "10000000000000000000.000000000000000000",
                    "validator_address": "haqqvaloper19hf6l3mpyh7a82988e33u8mduslc9hfrhflqq8"
                },
                {
                    "delegator_address": "haqq12m8l8ztd0y6jyamqhjal3w5pq8e3ft240qpadq",
                    "shares": "10000000000000000000.000000000000000000",
                    "validator_address": "haqqvaloper12m8l8ztd0y6jyamqhjal3w5pq8e3ft24rzdnfp"
                },
                {
                    "delegator_address": "haqq1d5eu9lgqs9vtye8734w3lwxc4ma0xwmes50cah",
                    "shares": "10000000000000000000.000000000000000000",
                    "validator_address": "haqqvaloper1d5eu9lgqs9vtye8734w3lwxc4ma0xwmeukrkek"
                },
                {
                    "delegator_address": "haqq1mnsea3y7ftxdr093ul8f0mnjjn0muntnrs7rwd",
                    "shares": "10000000000000000000.000000000000000000",
                    "validator_address": "haqqvaloper1mnsea3y7ftxdr093ul8f0mnjjn0muntn0jjd2v"
                }
            ],
            "exported": true,
            "last_total_power": "69",
            "last_validator_powers": [
                {
                    "address": "haqqvaloper1q8zzfs4lhld73grhj393gh72mnz26p358x452z",
                    "power": "10"
                },
                {
                    "address": "haqqvaloper1r9wlu4587py6n6nc676xa2up7a0dc49uzmj8ep",
                    "power": "9"
                },
                {
                    "address": "haqqvaloper1rdhnz4gjf9uhv2yzvrrvzwl8xjpukt4trdaja7",
                    "power": "10"
                },
                {
                    "address": "haqqvaloper19hf6l3mpyh7a82988e33u8mduslc9hfrhflqq8",
                    "power": "10"
                },
                {
                    "address": "haqqvaloper12m8l8ztd0y6jyamqhjal3w5pq8e3ft24rzdnfp",
                    "power": "10"
                },
                {
                    "address": "haqqvaloper1d5eu9lgqs9vtye8734w3lwxc4ma0xwmeukrkek",
                    "power": "10"
                },
                {
                    "address": "haqqvaloper1mnsea3y7ftxdr093ul8f0mnjjn0muntn0jjd2v",
                    "power": "10"
                }
            ],
            "params": {
                "bond_denom": "aISLM",
                "historical_entries": 10000,
                "max_entries": 7,
                "max_validators": 100,
                "unbonding_time": "1814400s"
            },
            "redelegations": [],
            "unbonding_delegations": [],
            "validators": [
                {
                    "commission": {
                        "commission_rates": {
                            "max_change_rate": "0.010000000000000000",
                            "max_rate": "0.200000000000000000",
                            "rate": "0.100000000000000000"
                        },
                        "update_time": "2022-06-16T07:37:42.067572453Z"
                    },
                    "consensus_pubkey": {
                        "@type": "/cosmos.crypto.ed25519.PubKey",
                        "key": "ILwwmt7G4QZ0cTwot+AI5JIXzcww3CB03y0K+uPfB1M="
                    },
                    "delegator_shares": "10000000000000000000.000000000000000000",
                    "description": {
                        "details": "",
                        "identity": "",
                        "moniker": "val03",
                        "security_contact": "",
                        "website": ""
                    },
                    "jailed": false,
                    "min_self_delegation": "1",
                    "operator_address": "haqqvaloper1q8zzfs4lhld73grhj393gh72mnz26p358x452z",
                    "status": "BOND_STATUS_BONDED",
                    "tokens": "10000000000000000000",
                    "unbonding_height": "0",
                    "unbonding_time": "1970-01-01T00:00:00Z"
                },
                {
                    "commission": {
                        "commission_rates": {
                            "max_change_rate": "0.010000000000000000",
                            "max_rate": "0.200000000000000000",
                            "rate": "0.100000000000000000"
                        },
                        "update_time": "2022-06-16T07:37:42.067572453Z"
                    },
                    "consensus_pubkey": {
                        "@type": "/cosmos.crypto.ed25519.PubKey",
                        "key": "3ezdZR7g0vTDEIHHYspzpKCwWMBsUDxHpb/rMjXnBbo="
                    },
                    "delegator_shares": "10000000000000000000.000000000000000000",
                    "description": {
                        "details": "",
                        "identity": "",
                        "moniker": "val06",
                        "security_contact": "",
                        "website": ""
                    },
                    "jailed": false,
                    "min_self_delegation": "1",
                    "operator_address": "haqqvaloper1r9wlu4587py6n6nc676xa2up7a0dc49uzmj8ep",
                    "status": "BOND_STATUS_BONDED",
                    "tokens": "9810000000000000000",
                    "unbonding_height": "679",
                    "unbonding_time": "2022-08-01T16:30:53.533552591Z"
                },
                {
                    "commission": {
                        "commission_rates": {
                            "max_change_rate": "0.010000000000000000",
                            "max_rate": "0.200000000000000000",
                            "rate": "0.100000000000000000"
                        },
                        "update_time": "2022-06-16T07:37:42.067572453Z"
                    },
                    "consensus_pubkey": {
                        "@type": "/cosmos.crypto.ed25519.PubKey",
                        "key": "7OgjI8+3N1meELk7mLzz1bvehW2RXj91JuljmXngxak="
                    },
                    "delegator_shares": "10000000000000000000.000000000000000000",
                    "description": {
                        "details": "",
                        "identity": "",
                        "moniker": "val07",
                        "security_contact": "",
                        "website": ""
                    },
                    "jailed": false,
                    "min_self_delegation": "1",
                    "operator_address": "haqqvaloper1rdhnz4gjf9uhv2yzvrrvzwl8xjpukt4trdaja7",
                    "status": "BOND_STATUS_BONDED",
                    "tokens": "10000000000000000000",
                    "unbonding_height": "0",
                    "unbonding_time": "1970-01-01T00:00:00Z"
                },
                {
                    "commission": {
                        "commission_rates": {
                            "max_change_rate": "0.010000000000000000",
                            "max_rate": "0.200000000000000000",
                            "rate": "0.100000000000000000"
                        },
                        "update_time": "2022-06-16T07:37:42.067572453Z"
                    },
                    "consensus_pubkey": {
                        "@type": "/cosmos.crypto.ed25519.PubKey",
                        "key": "gFl1OdpZqh6R22B7zkbXjhOfLC+yVByXzjSb9ZsM6vg="
                    },
                    "delegator_shares": "10000000000000000000.000000000000000000",
                    "description": {
                        "details": "",
                        "identity": "",
                        "moniker": "val01",
                        "security_contact": "",
                        "website": ""
                    },
                    "jailed": false,
                    "min_self_delegation": "1",
                    "operator_address": "haqqvaloper19hf6l3mpyh7a82988e33u8mduslc9hfrhflqq8",
                    "status": "BOND_STATUS_BONDED",
                    "tokens": "10000000000000000000",
                    "unbonding_height": "0",
                    "unbonding_time": "1970-01-01T00:00:00Z"
                },
                {
                    "commission": {
                        "commission_rates": {
                            "max_change_rate": "0.010000000000000000",
                            "max_rate": "0.200000000000000000",
                            "rate": "0.100000000000000000"
                        },
                        "update_time": "2022-06-16T07:37:42.067572453Z"
                    },
                    "consensus_pubkey": {
                        "@type": "/cosmos.crypto.ed25519.PubKey",
                        "key": "rYp9yTuuNz30NXHxuwvmgkOCdAoo4YOmJNe+kCvlQ/Q="
                    },
                    "delegator_shares": "10000000000000000000.000000000000000000",
                    "description": {
                        "details": "",
                        "identity": "",
                        "moniker": "val04",
                        "security_contact": "",
                        "website": ""
                    },
                    "jailed": false,
                    "min_self_delegation": "1",
                    "operator_address": "haqqvaloper12m8l8ztd0y6jyamqhjal3w5pq8e3ft24rzdnfp",
                    "status": "BOND_STATUS_BONDED",
                    "tokens": "10000000000000000000",
                    "unbonding_height": "0",
                    "unbonding_time": "1970-01-01T00:00:00Z"
                },
                {
                    "commission": {
                        "commission_rates": {
                            "max_change_rate": "0.010000000000000000",
                            "max_rate": "0.200000000000000000",
                            "rate": "0.100000000000000000"
                        },
                        "update_time": "2022-06-16T07:37:42.067572453Z"
                    },
                    "consensus_pubkey": {
                        "@type": "/cosmos.crypto.ed25519.PubKey",
                        "key": "ahGKRgXlTeUOnboxRG1brbd6uhMPZIR+mS47iCru4aE="
                    },
                    "delegator_shares": "10000000000000000000.000000000000000000",
                    "description": {
                        "details": "",
                        "identity": "",
                        "moniker": "val05",
                        "security_contact": "",
                        "website": ""
                    },
                    "jailed": false,
                    "min_self_delegation": "1",
                    "operator_address": "haqqvaloper1d5eu9lgqs9vtye8734w3lwxc4ma0xwmeukrkek",
                    "status": "BOND_STATUS_BONDED",
                    "tokens": "10000000000000000000",
                    "unbonding_height": "0",
                    "unbonding_time": "1970-01-01T00:00:00Z"
                },
                {
                    "commission": {
                        "commission_rates": {
                            "max_change_rate": "0.010000000000000000",
                            "max_rate": "0.200000000000000000",
                            "rate": "0.100000000000000000"
                        },
                        "update_time": "2022-06-16T07:37:42.067572453Z"
                    },
                    "consensus_pubkey": {
                        "@type": "/cosmos.crypto.ed25519.PubKey",
                        "key": "Dhv12UGXpT1O5yycfrisg5lSqw9ytGN5nB6wRy5ETOk="
                    },
                    "delegator_shares": "10000000000000000000.000000000000000000",
                    "description": {
                        "details": "",
                        "identity": "",
                        "moniker": "val02",
                        "security_contact": "",
                        "website": ""
                    },
                    "jailed": false,
                    "min_self_delegation": "1",
                    "operator_address": "haqqvaloper1mnsea3y7ftxdr093ul8f0mnjjn0muntn0jjd2v",
                    "status": "BOND_STATUS_BONDED",
                    "tokens": "10000000000000000000",
                    "unbonding_height": "0",
                    "unbonding_time": "1970-01-01T00:00:00Z"
                }
            ]
        },
        "upgrade": {},
        "vesting": {}
    },
    "chain_id": "haqq_53211-1",
    "consensus_params": {
        "block": {
            "max_bytes": "22020096",
            "max_gas": "10000000",
            "time_iota_ms": "1000"
        },
        "evidence": {
            "max_age_duration": "172800000000000",
            "max_age_num_blocks": "100000",
            "max_bytes": "1048576"
        },
        "validator": {
            "pub_key_types": [
                "ed25519"
            ]
        },
        "version": {}
    },
    "genesis_time": "2022-06-16T07:37:42.067572453Z",
    "initial_height": "13553",
    "validators": [
        {
            "address": "A88BAC9EBD37CE8E6E141C5A35048DDB234524CD",
            "name": "val03",
            "power": "10",
            "pub_key": {
                "type": "tendermint/PubKeyEd25519",
                "value": "ILwwmt7G4QZ0cTwot+AI5JIXzcww3CB03y0K+uPfB1M="
            }
        },
        {
            "address": "B6EE9E7B13811F6D8F779128225E10F561A8331C",
            "name": "val06",
            "power": "9",
            "pub_key": {
                "type": "tendermint/PubKeyEd25519",
                "value": "3ezdZR7g0vTDEIHHYspzpKCwWMBsUDxHpb/rMjXnBbo="
            }
        },
        {
            "address": "16A2B8AEEE8E526CD040C12F223CC64D8B1946A2",
            "name": "val07",
            "power": "10",
            "pub_key": {
                "type": "tendermint/PubKeyEd25519",
                "value": "7OgjI8+3N1meELk7mLzz1bvehW2RXj91JuljmXngxak="
            }
        },
        {
            "address": "69C22FC442983FC2286F717E68C2554D5A673200",
            "name": "val01",
            "power": "10",
            "pub_key": {
                "type": "tendermint/PubKeyEd25519",
                "value": "gFl1OdpZqh6R22B7zkbXjhOfLC+yVByXzjSb9ZsM6vg="
            }
        },
        {
            "address": "26FAE97494C19E7F80110850570BCE78D0B3FF23",
            "name": "val04",
            "power": "10",
            "pub_key": {
                "type": "tendermint/PubKeyEd25519",
                "value": "rYp9yTuuNz30NXHxuwvmgkOCdAoo4YOmJNe+kCvlQ/Q="
            }
        },
        {
            "address": "6D035FF8F9CDF374ECB26B072E8CF3551C101B75",
            "name": "val05",
            "power": "10",
            "pub_key": {
                "type": "tendermint/PubKeyEd25519",
                "value": "ahGKRgXlTeUOnboxRG1brbd6uhMPZIR+mS47iCru4aE="
            }
        },
        {
            "address": "496A60BA78CA6B8B134717B5AEAF97A9511D9805",
            "name": "val02",
            "power": "10",
            "pub_key": {
                "type": "tendermint/PubKeyEd25519",
                "value": "Dhv12UGXpT1O5yycfrisg5lSqw9ytGN5nB6wRy5ETOk="
            }
        }
    ]
}